{"stats":{"minecraft:dropped":{"minecraft:lead":1,"minecraft:stone_pressure_plate":1,"minecraft:elytra":1,"minecraft:firework_rocket":320},"minecraft:custom":{"minecraft:time_since_rest":20018,"minecraft:sprint_one_cm":95742,"minecraft:damage_taken":5720,"minecraft:walk_one_cm":132168,"minecraft:mob_kills":2,"minecraft:drop":8,"minecraft:damage_dealt":186,"minecraft:fly_one_cm":218228,"minecraft:crouch_one_cm":5022,"minecraft:play_time":166130,"minecraft:deaths":12,"minecraft:sneak_time":5089,"minecraft:aviate_one_cm":1984686,"minecraft:jump":278,"minecraft:leave_game":25,"minecraft:time_since_death":19987,"minecraft:total_world_time":178978,"minecraft:fall_one_cm":70318},"minecraft:picked_up":{"minecraft:torch":1,"minecraft:lead":2,"minecraft:gold_block":1,"minecraft:stone_pressure_plate":2,"minecraft:elytra":3,"minecraft:firework_rocket":493,"minecraft:polished_andesite":1,"minecraft:glass":1,"minecraft:command_block":2,"minecraft:oak_sign":3,"minecraft:smooth_stone":1},"minecraft:used":{"minecraft:glass":228,"minecraft:light":32,"minecraft:firework_rocket":140,"minecraft:command_block":8,"minecraft:red_concrete":79,"minecraft:lantern":2,"minecraft:light_weighted_pressure_plate":1,"minecraft:oak_stairs":53,"minecraft:polished_andesite":159,"minecraft:elytra":12,"minecraft:oak_sign":71,"minecraft:sandstone":52,"minecraft:debug_stick":42,"minecraft:torch":15,"minecraft:purple_concrete":74,"minecraft:lime_concrete":56,"minecraft:light_blue_concrete":75,"minecraft:yellow_concrete":52,"minecraft:gold_block":3,"minecraft:stone_pressure_plate":6,"minecraft:white_concrete":13,"minecraft:blue_concrete":60,"minecraft:spruce_log":163,"minecraft:smooth_stone":109}},"DataVersion":3955}